<?xml version="1.0" encoding="UTF-8"?>
<project-private xmlns="http://www.netbeans.org/ns/project-private/1">
    <editor-bookmarks xmlns="http://www.netbeans.org/ns/editor-bookmarks/2" lastBookmarkId="0"/>
    <open-files xmlns="http://www.netbeans.org/ns/projectui-open-files/2">
        <group>
            <file>file:/C:/Users/migue/OneDrive/Documentos/NetBeansProjects/ilusion_optica-fonte/src/set2.java</file>
            <file>file:/C:/Users/migue/OneDrive/Documentos/NetBeansProjects/ilusion_optica-fonte/src/ilusionOptica.java</file>
            <file>file:/C:/Users/migue/OneDrive/Documentos/NetBeansProjects/ilusion_optica-fonte/src/set1.java</file>
            <file>file:/C:/Users/migue/OneDrive/Documentos/NetBeansProjects/ilusion_optica-fonte/src/set3.java</file>
        </group>
    </open-files>
</project-private>
